Year,County,Amount,FIPS
2017,CUMBERLAND COUNTY,24000,37051
2017,BUNCOMBE COUNTY,30000,37021
2017,IREDELL COUNTY,33000,37097
2017,DAVIDSON COUNTY,18000,37057
2017,WAKE COUNTY,25000,37183
2017,MECKLENBURG COUNTY,12000,37119
2017,BUNCOMBE COUNTY,3000,37021
2017,ONSLOW COUNTY,25000,37133
2017,DURHAM COUNTY,22000,37063
2017,WILKES COUNTY,20000,37193
2017,DAVIE COUNTY,24000,37059
2017,LINCOLN COUNTY,15000,37109
2017,GRANVILLE COUNTY,10000,37077
2017,CLEVELAND COUNTY,15000,37045
2017,ALAMANCE COUNTY,27500,37001
2017,DARE COUNTY,20000,37055
2017,SAMPSON COUNTY,30000,37163
2017,DAVIDSON COUNTY,33000,37057
2017,ROCKINGHAM COUNTY,20000,37157
2017,GASTON COUNTY,27500,37071
2017,CATAWBA COUNTY,20000,37035
2017,BURKE COUNTY,15000,37023
2017,WAKE COUNTY,33000,37183
2017,DAVIE COUNTY,15000,37059
2017,WAKE COUNTY,14000,37183
2017,GASTON COUNTY,20000,37071
2018,FORSYTH COUNTY,32000,37067
2018,GASTON COUNTY,30000,37071
2018,HENDERSON COUNTY,40000,37089
2018,MCDOWELL COUNTY,20000,37111
2018,CATAWBA COUNTY,20000,37035
2018,CATAWBA COUNTY,20000,37035
2018,BUNCOMBE COUNTY,40000,37021
2018,GASTON COUNTY,40000,37071
2018,WILKES COUNTY,30000,37193
2018,JONES COUNTY,16667,37103
2018,DURHAM COUNTY,21067,37063
2018,ROWAN COUNTY,20000,37159
2018,NASH COUNTY,30000,37127
2018,SURRY COUNTY,30000,37171
2018,DAVIDSON COUNTY,30000,37057
2018,HALIFAX COUNTY,40000,37083
2018,GASTON COUNTY,17120,37071
2018,CATAWBA COUNTY,16780,37035
2018,BEAUFORT COUNTY,10000,37013
2018,ONSLOW COUNTY,40000,37133
2018,RANDOLPH COUNTY,30000,37151
2019,BUNCOMBE COUNTY,40000,37021
2019,RANDOLPH COUNTY,20000,37151
2019,DURHAM COUNTY,20000,37063
2019,HENDERSON COUNTY,40000,37089
2019,MCDOWELL COUNTY,40000,37111
2019,CUMBERLAND COUNTY,40000,37051
2019,WAKE COUNTY,10000,37183
2019,ROCKINGHAM COUNTY,40000,37157
2019,GASTON COUNTY,10000,37071
2019,DARE COUNTY,40000,37055
2019,SAMPSON COUNTY,25000,37163
2019,PITT COUNTY,6000,37147
2019,HALIFAX COUNTY,40000,37083
2019,GASTON COUNTY,40000,37071
2019,CATAWBA COUNTY,20000,37035
2019,NEW HANOVER COUNTY,40000,37129
2019,RANDOLPH COUNTY,40000,37151
2020,GASTON COUNTY,40000,37071
2020,BUNCOMBE COUNTY,60000,37021
2020,HENDERSON COUNTY,60000,37089
2020,CRAVEN COUNTY,25000,37049
2020,RICHMOND COUNTY,60000,37153
2020,CUMBERLAND COUNTY,40000,37051
2020,MECKLENBURG COUNTY,32130,37119
2020,ONSLOW COUNTY,30000,37133
2020,DAVIE COUNTY,24500,37059
2020,DURHAM COUNTY,12000,37063
2020,DURHAM COUNTY,25000,37063
2020,BURKE COUNTY,30000,37023
2020,MOORE COUNTY,15000,37125
2020,DURHAM COUNTY,10000,37063
2020,HALIFAX COUNTY,40000,37083
2020,GASTON COUNTY,60000,37071
2020,ROCKINGHAM COUNTY,30000,37157
2020,IREDELL COUNTY,12000,37097
2020,BURKE COUNTY,30000,37023
2020,RANDOLPH COUNTY,30000,37151
2021,BUNCOMBE COUNTY,50000,37021
2021,CLEVELAND COUNTY,30000,37045
2021,MCDOWELL COUNTY,36979,37111
2021,ROCKINGHAM COUNTY,20000,37157
2021,CUMBERLAND COUNTY,40000,37051
2021,GASTON COUNTY,30000,37071
2021,GASTON COUNTY,30000,37071
2021,GUILFORD COUNTY,11000,37081
2021,SAMPSON COUNTY,20000,37163
2021,PITT COUNTY,11000,37147
2021,DAVIDSON COUNTY,25000,37057
2021,LINCOLN COUNTY,25000,37109
2021,DURHAM COUNTY,47333.33,37063
2021,WAKE COUNTY,50000,37183
2021,DURHAM COUNTY,36625,37063
2021,ROCKINGHAM COUNTY,30000,37157
