County,Year,Total,Common,FIPS
IREDELL COUNTY,2016-17,488.95,91.25,37097
CATAWBA COUNTY,2016-17,482.55,488.95,37035
PITT COUNTY,2016-17,389.65,323.83,37147
ORANGE COUNTY,2016-17,323.83,389.65,37135
MACON COUNTY,2016-17,320.98,238.56,37113
BRUNSWICK COUNTY,2016-17,303.78,194.97,37019
DARE COUNTY,2016-17,263.64,482.55,37055
CUMBERLAND COUNTY,2016-17,260.08,108.29,37051
NEW HANOVER COUNTY,2016-17,253.71,146.04,37129
PASQUOTANK COUNTY,2016-17,238.75,113.73,37139
CURRITUCK COUNTY,2016-17,238.56,320.98,37053
WATAUGA COUNTY,2016-17,201.22,303.78,37189
FORSYTH COUNTY,2016-17,194.97,146.77,37067
ALEXANDER COUNTY,2016-17,192.29,122.94,37003
MECKLENBURG COUNTY,2016-17,183.29,238.75,37119
SWAIN COUNTY,2016-17,182.03,150.37,37173
PAMLICO COUNTY,2016-17,180,253.71,37137
CABARRUS COUNTY,2016-17,174.89,263.64,37025
GUILFORD COUNTY,2016-17,170.93,260.08,37081
BUNCOMBE COUNTY,2016-17,161.5,182.03,37021
HAYWOOD COUNTY,2016-17,161.48,180,37087
CRAVEN COUNTY,2016-17,155.04,183.29,37049
MCDOWELL COUNTY,2016-17,153.03,201.22,37111
JACKSON COUNTY,2016-17,150.37,148.84,37099
TRANSYLVANIA COUNTY,2016-17,148.84,174.89,37175
GRANVILLE COUNTY,2016-17,146.77,99.21,37077
DURHAM COUNTY,2016-17,146.04,192.29,37063
MOORE COUNTY,2016-17,144.62,153.03,37125
WAKE COUNTY,2016-17,143.09,161.5,37183
ALLEGHANY COUNTY,2016-17,139.38,155.04,37005
ONSLOW COUNTY,2016-17,135.12,170.93,37133
CAMDEN COUNTY,2016-17,132.61,104.08,37029
ROCKINGHAM COUNTY,2016-17,130.63,161.48,37157
MADISON COUNTY,2016-17,128.65,122.32,37115
HENDERSON COUNTY,2016-17,124.74,132.61,37089
WILSON COUNTY,2016-17,124.01,98.35,37195
ASHE COUNTY,2016-17,122.94,93.67,37009
CHOWAN COUNTY,2016-17,122.32,135.12,37041
POLK COUNTY,2016-17,120.88,144.62,37149
LEE COUNTY,2016-17,120.56,139.38,37105
LINCOLN COUNTY,2016-17,113.73,59.56,37109
DAVIE COUNTY,2016-17,109.29,143.09,37059
CARTERET COUNTY,2016-17,108.29,120.88,37031
PENDER COUNTY,2016-17,105.4,128.65,37141
ALAMANCE COUNTY,2016-17,104.65,130.63,37001
MARTIN COUNTY,2016-17,104.08,105.4,37117
PERQUIMANS COUNTY,2016-17,101.01,93.29,37143
GASTON COUNTY,2016-17,99.21,124.74,37071
MITCHELL COUNTY,2016-17,98.35,90.79,37121
CHATHAM COUNTY,2016-17,96.47,101.01,37037
HYDE COUNTY,2016-17,93.67,86.76,37095
CLEVELAND COUNTY,2016-17,93.29,80.92,37045
NASH COUNTY,2016-17,91.66,109.29,37127
TYRRELL COUNTY,2016-17,91.25,124.01,37177
AVERY COUNTY,2016-17,90.79,62.12,37011
WAYNE COUNTY,2016-17,90.56,72.33,37191
UNION COUNTY,2016-17,86.76,120.56,37179
PERSON COUNTY,2016-17,83.31,96.47,37145
SURRY COUNTY,2016-17,81.4,104.65,37171
RUTHERFORD COUNTY,2016-17,80.92,77.78,37161
CLAY COUNTY,2016-17,78.91,61.79,37043
NORTHAMPTON COUNTY,2016-17,77.78,57.62,37131
YADKIN COUNTY,2016-17,76.18,91.66,37197
CALDWELL COUNTY,2016-17,75.7,75.7,37027
DAVIDSON COUNTY,2016-17,75.18,83.31,37057
FRANKLIN COUNTY,2016-17,74.23,76.18,37069
SCOTLAND COUNTY,2016-17,72.33,90.56,37165
HERTFORD COUNTY,2016-17,70.26,52.46,37091
YANCEY COUNTY,2016-17,68.54,64.01,37199
STANLY COUNTY,2016-17,67.46,67.46,37167
BLADEN COUNTY,2016-17,64.88,46.47,37017
LENOIR COUNTY,2016-17,64.01,50.53,37107
MONTGOMERY COUNTY,2016-17,62.12,81.4,37123
WARREN COUNTY,2016-17,61.79,78.91,37185
GATES COUNTY,2016-17,59.56,53.42,37073
BEAUFORT COUNTY,2016-17,59.18,64.88,37013
SAMPSON COUNTY,2016-17,57.62,68.54,37163
JOHNSTON COUNTY,2016-17,56.45,56.45,37101
RANDOLPH COUNTY,2016-17,53.42,70.26,37151
WILKES COUNTY,2016-17,52.46,75.18,37193
ROWAN COUNTY,2016-17,50.53,74.23,37159
DUPLIN COUNTY,2016-17,49.9,41.55,37061
BURKE COUNTY,2016-17,47.91,40.08,37023
HARNETT COUNTY,2016-17,46.47,35.65,37085
STOKES COUNTY,2016-17,43.67,49.9,37169
CHEROKEE COUNTY,2016-17,41.55,47.91,37039
HALIFAX COUNTY,2016-17,41.25,59.18,37083
VANCE COUNTY,2016-17,40.08,41.25,37181
GRAHAM COUNTY,2016-17,39.55,39.55,37075
HOKE COUNTY,2016-17,35.65,33.75,37093
ROBESON COUNTY,2016-17,33.75,32.24,37155
EDGECOMBE COUNTY,2016-17,32.24,43.67,37065
RICHMOND COUNTY,2016-17,29.89,19.69,37153
COLUMBUS COUNTY,2016-17,27.61,22.12,37047
WASHINGTON COUNTY,2016-17,22.12,27.61,37187
GREENE COUNTY,2016-17,19.69,29.89,37079
ANSON COUNTY,2016-17,19,10.84,37007
CASWELL COUNTY,2016-17,14.12,14.12,37033
BERTIE COUNTY,2016-17,11.95,11.95,37015
JONES COUNTY,2016-17,10.84,19,37103
ORANGE COUNTY,2017-18,564,358,37135
CATAWBA COUNTY,2017-18,464,564,37035
PITT COUNTY,2017-18,358,325,37147
MACON COUNTY,2017-18,334,216,37113
PASQUOTANK COUNTY,2017-18,325,141,37139
BRUNSWICK COUNTY,2017-18,299,208,37019
NEW HANOVER COUNTY,2017-18,284,147,37129
DARE COUNTY,2017-18,252,464,37055
IREDELL COUNTY,2017-18,230,80,37097
FORSYTH COUNTY,2017-18,219,148,37067
CURRITUCK COUNTY,2017-18,216,230,37053
WATAUGA COUNTY,2017-18,208,299,37189
ALEXANDER COUNTY,2017-18,203,135,37003
ONSLOW COUNTY,2017-18,200,334,37133
SWAIN COUNTY,2017-18,192,175,37173
MECKLENBURG COUNTY,2017-18,190,190,37119
CAMDEN COUNTY,2017-18,179,252,37029
DAVIE COUNTY,2017-18,175,284,37059
HAYWOOD COUNTY,2017-18,167,192,37087
BUNCOMBE COUNTY,2017-18,162,203,37021
MOORE COUNTY,2017-18,158,162,37125
HENDERSON COUNTY,2017-18,155,152,37089
JONES COUNTY,2017-18,152,219,37103
GUILFORD COUNTY,2017-18,150,200,37081
ALLEGHANY COUNTY,2017-18,148,167,37005
CRAVEN COUNTY,2017-18,148,158,37049
DURHAM COUNTY,2017-18,147,179,37063
CARTERET COUNTY,2017-18,142,140,37031
JACKSON COUNTY,2017-18,141,148,37099
TRANSYLVANIA COUNTY,2017-18,140,105,37175
GRANVILLE COUNTY,2017-18,140,142,37077
HYDE COUNTY,2017-18,139,117,37095
CUMBERLAND COUNTY,2017-18,139,95,37051
WAKE COUNTY,2017-18,135,150,37183
MARTIN COUNTY,2017-18,134,84,37117
CABARRUS COUNTY,2017-18,130,155,37025
ASHE COUNTY,2017-18,124,98,37009
WILSON COUNTY,2017-18,123,105,37195
CHOWAN COUNTY,2017-18,119,134,37041
LEE COUNTY,2017-18,117,140,37105
LINCOLN COUNTY,2017-18,114,50,37109
MADISON COUNTY,2017-18,114,113,37115
PERQUIMANS COUNTY,2017-18,113,105,37143
CHATHAM COUNTY,2017-18,113,119,37037
GASTON COUNTY,2017-18,108,139,37071
POLK COUNTY,2017-18,106,139,37149
MCDOWELL COUNTY,2017-18,105,114,37111
CLEVELAND COUNTY,2017-18,105,80,37045
TYRRELL COUNTY,2017-18,105,124,37177
ALAMANCE COUNTY,2017-18,99,123,37001
PENDER COUNTY,2017-18,98,114,37141
MITCHELL COUNTY,2017-18,98,80,37121
ROCKINGHAM COUNTY,2017-18,97,130,37157
PAMLICO COUNTY,2017-18,95,99,37137
NASH COUNTY,2017-18,95,113,37127
HERTFORD COUNTY,2017-18,91,45,37091
SURRY COUNTY,2017-18,88,108,37171
AVERY COUNTY,2017-18,86,69,37011
ROWAN COUNTY,2017-18,84,86,37159
UNION COUNTY,2017-18,80,106,37179
PERSON COUNTY,2017-18,80,95,37145
CALDWELL COUNTY,2017-18,80,77,37027
YADKIN COUNTY,2017-18,80,98,37197
WAYNE COUNTY,2017-18,77,73,37191
SCOTLAND COUNTY,2017-18,77,97,37165
STANLY COUNTY,2017-18,76,91,37167
RUTHERFORD COUNTY,2017-18,73,88,37161
YANCEY COUNTY,2017-18,70,56,37199
CLAY COUNTY,2017-18,69,54,37043
FRANKLIN COUNTY,2017-18,69,77,37069
GATES COUNTY,2017-18,67,57,37073
DAVIDSON COUNTY,2017-18,65,70,37057
BEAUFORT COUNTY,2017-18,64,64,37013
WARREN COUNTY,2017-18,60,80,37185
RANDOLPH COUNTY,2017-18,59,76,37151
LENOIR COUNTY,2017-18,58,65,37107
JOHNSTON COUNTY,2017-18,57,59,37101
WILKES COUNTY,2017-18,56,69,37193
NORTHAMPTON COUNTY,2017-18,54,58,37131
BURKE COUNTY,2017-18,50,44,37023
MONTGOMERY COUNTY,2017-18,49,67,37123
BLADEN COUNTY,2017-18,49,43,37017
WASHINGTON COUNTY,2017-18,48,34,37187
SAMPSON COUNTY,2017-18,48,60,37163
STOKES COUNTY,2017-18,45,49,37169
GRAHAM COUNTY,2017-18,44,36,37075
DUPLIN COUNTY,2017-18,43,40,37061
CHEROKEE COUNTY,2017-18,40,49,37039
EDGECOMBE COUNTY,2017-18,40,48,37065
VANCE COUNTY,2017-18,38,40,37181
HARNETT COUNTY,2017-18,36,38,37085
HALIFAX COUNTY,2017-18,34,48,37083
ROBESON COUNTY,2017-18,34,34,37155
RICHMOND COUNTY,2017-18,32,25,37153
COLUMBUS COUNTY,2017-18,25,23,37047
HOKE COUNTY,2017-18,23,16,37093
GREENE COUNTY,2017-18,16,32,37079
BERTIE COUNTY,2017-18,15,15,37015
ANSON COUNTY,2017-18,13,13,37007
CASWELL COUNTY,2017-18,13,13,37033
CURRITUCK COUNTY,2020-21,344,344,37053
BRUNSWICK COUNTY,2020-21,340,293,37019
CATAWBA COUNTY,2020-21,335,340,37035
PASQUOTANK COUNTY,2020-21,332,92,37139
NEW HANOVER COUNTY,2020-21,324,173,37129
PITT COUNTY,2020-21,293,156,37147
MACON COUNTY,2020-21,248,160,37113
IREDELL COUNTY,2020-21,239,82,37097
SWAIN COUNTY,2020-21,236,123,37173
DARE COUNTY,2020-21,234,239,37055
ORANGE COUNTY,2020-21,225,335,37135
WATAUGA COUNTY,2020-21,222,332,37189
ALEXANDER COUNTY,2020-21,195,140,37003
MECKLENBURG COUNTY,2020-21,191,195,37119
HAYWOOD COUNTY,2020-21,188,222,37087
ONSLOW COUNTY,2020-21,187,324,37133
CAMDEN COUNTY,2020-21,182,248,37029
BUNCOMBE COUNTY,2020-21,177,182,37021
TRANSYLVANIA COUNTY,2020-21,176,191,37175
GUILFORD COUNTY,2020-21,173,236,37081
DAVIE COUNTY,2020-21,164,234,37059
DURHAM COUNTY,2020-21,160,225,37063
FORSYTH COUNTY,2020-21,160,155,37067
CRAVEN COUNTY,2020-21,159,188,37049
CARTERET COUNTY,2020-21,156,177,37031
HENDERSON COUNTY,2020-21,155,176,37089
JACKSON COUNTY,2020-21,151,160,37099
MADISON COUNTY,2020-21,148,148,37115
ASHE COUNTY,2020-21,145,114,37009
PERQUIMANS COUNTY,2020-21,140,118,37143
CABARRUS COUNTY,2020-21,140,187,37025
MCDOWELL COUNTY,2020-21,140,140,37111
WAKE COUNTY,2020-21,130,164,37183
LEE COUNTY,2020-21,127,159,37105
HYDE COUNTY,2020-21,126,79,37095
AVERY COUNTY,2020-21,124,53,37011
CHATHAM COUNTY,2020-21,123,118,37037
MOORE COUNTY,2020-21,120,145,37125
POLK COUNTY,2020-21,118,127,37149
WILSON COUNTY,2020-21,118,109,37195
TYRRELL COUNTY,2020-21,114,151,37177
LINCOLN COUNTY,2020-21,114,47,37109
RUTHERFORD COUNTY,2020-21,113,114,37161
MITCHELL COUNTY,2020-21,110,99,37121
NASH COUNTY,2020-21,109,126,37127
PENDER COUNTY,2020-21,107,124,37141
GRANVILLE COUNTY,2020-21,107,99,37077
HERTFORD COUNTY,2020-21,105,140,37091
ALAMANCE COUNTY,2020-21,99,130,37001
PAMLICO COUNTY,2020-21,99,120,37137
CLAY COUNTY,2020-21,97,72,37043
CUMBERLAND COUNTY,2020-21,93,85,37051
GATES COUNTY,2020-21,92,46,37073
SURRY COUNTY,2020-21,91,113,37171
BLADEN COUNTY,2020-21,90,51,37017
BURKE COUNTY,2020-21,87,91,37023
UNION COUNTY,2020-21,86,107,37179
ROCKINGHAM COUNTY,2020-21,85,110,37157
CLEVELAND COUNTY,2020-21,85,34,37045
WARREN COUNTY,2020-21,82,107,37185
MARTIN COUNTY,2020-21,79,105,37117
CALDWELL COUNTY,2020-21,78,87,37027
STANLY COUNTY,2020-21,77,93,37167
GASTON COUNTY,2020-21,77,97,37071
YANCEY COUNTY,2020-21,76,48,37199
CHOWAN COUNTY,2020-21,74,54,37041
VANCE COUNTY,2020-21,73,86,37181
WILKES COUNTY,2020-21,72,90,37193
HALIFAX COUNTY,2020-21,68,85,37083
WAYNE COUNTY,2020-21,67,73,37191
DUPLIN COUNTY,2020-21,66,48,37061
JOHNSTON COUNTY,2020-21,60,66,37101
DAVIDSON COUNTY,2020-21,58,77,37057
PERSON COUNTY,2020-21,57,78,37145
FRANKLIN COUNTY,2020-21,57,68,37069
STOKES COUNTY,2020-21,55,57,37169
CHEROKEE COUNTY,2020-21,54,77,37039
EDGECOMBE COUNTY,2020-21,53,33,37065
LENOIR COUNTY,2020-21,51,76,37107
YADKIN COUNTY,2020-21,48,60,37197
MONTGOMERY COUNTY,2020-21,48,74,37123
GRAHAM COUNTY,2020-21,47,30,37075
NORTHAMPTON COUNTY,2020-21,46,57,37131
SAMPSON COUNTY,2020-21,45,67,37163
SCOTLAND COUNTY,2020-21,45,58,37165
ROWAN COUNTY,2020-21,40,55,37159
HARNETT COUNTY,2020-21,37,45,37085
RICHMOND COUNTY,2020-21,34,28,37153
GREENE COUNTY,2020-21,34,45,37079
BEAUFORT COUNTY,2020-21,33,32,37013
WASHINGTON COUNTY,2020-21,32,40,37187
COLUMBUS COUNTY,2020-21,32,32,37047
RANDOLPH COUNTY,2020-21,30,34,37151
HOKE COUNTY,2020-21,28,37,37093
ROBESON COUNTY,2020-21,26,26,37155
ANSON COUNTY,2020-21,21,21,37007
CASWELL COUNTY,2020-21,15,9,37033
JONES COUNTY,2020-21,9,15,37103
BERTIE COUNTY,2020-21,9,9,37015
ALLEGHANY COUNTY,2020-21,1,1,37005
CATAWBA COUNTY,2018-19,449,449,37035
PITT COUNTY,2018-19,321,166,37147
PASQUOTANK COUNTY,2018-19,301,131,37139
BRUNSWICK COUNTY,2018-19,294,290,37019
NEW HANOVER COUNTY,2018-19,290,153,37129
DARE COUNTY,2018-19,271,321,37055
ORANGE COUNTY,2018-19,264,301,37135
MACON COUNTY,2018-19,260,226,37113
FORSYTH COUNTY,2018-19,244,153,37067
IREDELL COUNTY,2018-19,236,93,37097
CURRITUCK COUNTY,2018-19,226,271,37053
ALEXANDER COUNTY,2018-19,218,137,37003
WATAUGA COUNTY,2018-19,217,294,37189
SWAIN COUNTY,2018-19,213,155,37173
CAMDEN COUNTY,2018-19,176,151,37029
ALLEGHANY COUNTY,2018-19,176,264,37005
BUNCOMBE COUNTY,2018-19,167,176,37021
HAYWOOD COUNTY,2018-19,166,217,37087
MECKLENBURG COUNTY,2018-19,161,176,37119
DURHAM COUNTY,2018-19,156,244,37063
GUILFORD COUNTY,2018-19,155,260,37081
CRAVEN COUNTY,2018-19,153,218,37049
HENDERSON COUNTY,2018-19,153,156,37089
DAVIE COUNTY,2018-19,152,236,37059
CARTERET COUNTY,2018-19,151,137,37031
TRANSYLVANIA COUNTY,2018-19,144,167,37175
WAKE COUNTY,2018-19,137,161,37183
JACKSON COUNTY,2018-19,137,144,37099
CABARRUS COUNTY,2018-19,137,213,37025
MADISON COUNTY,2018-19,137,137,37115
MCDOWELL COUNTY,2018-19,131,115,37111
MOORE COUNTY,2018-19,128,152,37125
GRANVILLE COUNTY,2018-19,126,126,37077
CHOWAN COUNTY,2018-19,126,137,37041
HYDE COUNTY,2018-19,125,75,37095
ASHE COUNTY,2018-19,122,96,37009
CLEVELAND COUNTY,2018-19,115,88,37045
GATES COUNTY,2018-19,115,65,37073
LINCOLN COUNTY,2018-19,114,51,37109
LEE COUNTY,2018-19,113,128,37105
POLK COUNTY,2018-19,113,125,37149
CUMBERLAND COUNTY,2018-19,112,103,37051
WILSON COUNTY,2018-19,110,97,37195
PERQUIMANS COUNTY,2018-19,109,83,37143
AVERY COUNTY,2018-19,105,103,37011
RUTHERFORD COUNTY,2018-19,103,110,37161
TYRRELL COUNTY,2018-19,103,126,37177
ALAMANCE COUNTY,2018-19,101,115,37001
CHATHAM COUNTY,2018-19,98,105,37037
PAMLICO COUNTY,2018-19,97,109,37137
SURRY COUNTY,2018-19,97,122,37171
MITCHELL COUNTY,2018-19,96,81,37121
NASH COUNTY,2018-19,93,113,37127
GASTON COUNTY,2018-19,92,114,37071
BLADEN COUNTY,2018-19,88,50,37017
STANLY COUNTY,2018-19,83,81,37167
UNION COUNTY,2018-19,81,112,37179
ROCKINGHAM COUNTY,2018-19,81,101,37157
WARREN COUNTY,2018-19,79,113,37185
CALDWELL COUNTY,2018-19,75,74,37027
PERSON COUNTY,2018-19,74,97,37145
EDGECOMBE COUNTY,2018-19,72,98,37065
SCOTLAND COUNTY,2018-19,70,92,37165
YANCEY COUNTY,2018-19,69,57,37199
PENDER COUNTY,2018-19,68,79,37141
BEAUFORT COUNTY,2018-19,65,58,37013
WAYNE COUNTY,2018-19,64,48,37191
CLAY COUNTY,2018-19,64,53,37043
FRANKLIN COUNTY,2018-19,58,68,37069
YADKIN COUNTY,2018-19,58,72,37197
LENOIR COUNTY,2018-19,58,64,37107
DAVIDSON COUNTY,2018-19,57,64,37057
GRAHAM COUNTY,2018-19,57,32,37075
NORTHAMPTON COUNTY,2018-19,55,57,37131
WILKES COUNTY,2018-19,54,69,37193
WASHINGTON COUNTY,2018-19,53,29,37187
ROWAN COUNTY,2018-19,51,70,37159
JOHNSTON COUNTY,2018-19,51,54,37101
CHEROKEE COUNTY,2018-19,50,55,37039
ONSLOW COUNTY,2018-19,50,58,37133
HERTFORD COUNTY,2018-19,48,42,37091
BURKE COUNTY,2018-19,46,46,37023
DUPLIN COUNTY,2018-19,46,37,37061
MONTGOMERY COUNTY,2018-19,46,58,37123
VANCE COUNTY,2018-19,42,46,37181
RANDOLPH COUNTY,2018-19,41,51,37151
SAMPSON COUNTY,2018-19,39,50,37163
STOKES COUNTY,2018-19,38,46,37169
HOKE COUNTY,2018-19,37,39,37093
HARNETT COUNTY,2018-19,34,41,37085
ROBESON COUNTY,2018-19,33,33,37155
HALIFAX COUNTY,2018-19,32,38,37083
RICHMOND COUNTY,2018-19,29,27,37153
MARTIN COUNTY,2018-19,28,34,37117
COLUMBUS COUNTY,2018-19,27,27,37047
ANSON COUNTY,2018-19,27,12,37007
BERTIE COUNTY,2018-19,15,28,37015
GREENE COUNTY,2018-19,12,15,37079
CASWELL COUNTY,2018-19,9,9,37033
JONES COUNTY,2018-19,5,5,37103
BRUNSWICK COUNTY,2019-20,390,241,37019
CATAWBA COUNTY,2019-20,361,390,37035
MACON COUNTY,2019-20,301,184,37113
IREDELL COUNTY,2019-20,252,98,37097
PITT COUNTY,2019-20,251,162,37147
NEW HANOVER COUNTY,2019-20,243,156,37129
CURRITUCK COUNTY,2019-20,241,251,37053
ORANGE COUNTY,2019-20,240,361,37135
DARE COUNTY,2019-20,239,301,37055
PASQUOTANK COUNTY,2019-20,219,119,37139
WATAUGA COUNTY,2019-20,219,252,37189
ALEXANDER COUNTY,2019-20,212,133,37003
SWAIN COUNTY,2019-20,196,171,37173
MECKLENBURG COUNTY,2019-20,186,219,37119
BUNCOMBE COUNTY,2019-20,184,196,37021
WASHINGTON COUNTY,2019-20,184,34,37187
ONSLOW COUNTY,2019-20,178,243,37133
RUTHERFORD COUNTY,2019-20,171,212,37161
FORSYTH COUNTY,2019-20,169,151,37067
HAYWOOD COUNTY,2019-20,162,178,37087
DURHAM COUNTY,2019-20,161,239,37063
CABARRUS COUNTY,2019-20,160,240,37025
TRANSYLVANIA COUNTY,2019-20,156,184,37175
DAVIE COUNTY,2019-20,151,219,37059
HENDERSON COUNTY,2019-20,151,169,37089
JACKSON COUNTY,2019-20,144,144,37099
CARTERET COUNTY,2019-20,142,142,37031
MADISON COUNTY,2019-20,142,138,37115
CRAVEN COUNTY,2019-20,141,161,37049
AVERY COUNTY,2019-20,140,77,37011
GUILFORD COUNTY,2019-20,138,186,37081
MCDOWELL COUNTY,2019-20,133,141,37111
GRANVILLE COUNTY,2019-20,133,133,37077
ASHE COUNTY,2019-20,129,96,37009
WAKE COUNTY,2019-20,125,160,37183
MOORE COUNTY,2019-20,122,142,37125
LINCOLN COUNTY,2019-20,122,55,37109
LEE COUNTY,2019-20,119,151,37105
WILSON COUNTY,2019-20,114,91,37195
CHATHAM COUNTY,2019-20,114,114,37037
HYDE COUNTY,2019-20,114,93,37095
ALAMANCE COUNTY,2019-20,107,140,37001
ALLEGHANY COUNTY,2019-20,103,129,37005
ROCKINGHAM COUNTY,2019-20,103,50,37157
MITCHELL COUNTY,2019-20,100,93,37121
TYRRELL COUNTY,2019-20,100,122,37177
CHOWAN COUNTY,2019-20,99,114,37041
NASH COUNTY,2019-20,98,122,37127
HERTFORD COUNTY,2019-20,96,125,37091
CUMBERLAND COUNTY,2019-20,93,79,37051
POLK COUNTY,2019-20,93,107,37149
SURRY COUNTY,2019-20,93,114,37171
CLEVELAND COUNTY,2019-20,91,53,37045
PERQUIMANS COUNTY,2019-20,90,66,37143
CALDWELL COUNTY,2019-20,88,100,37027
YANCEY COUNTY,2019-20,84,59,37199
WARREN COUNTY,2019-20,79,103,37185
CAMDEN COUNTY,2019-20,77,99,37029
UNION COUNTY,2019-20,77,103,37179
CLAY COUNTY,2019-20,76,57,37043
PENDER COUNTY,2019-20,72,88,37141
GASTON COUNTY,2019-20,70,100,37071
GATES COUNTY,2019-20,68,52,37073
STANLY COUNTY,2019-20,68,93,37167
PAMLICO COUNTY,2019-20,66,58,37137
YADKIN COUNTY,2019-20,66,70,37197
VANCE COUNTY,2019-20,65,77,37181
MARTIN COUNTY,2019-20,65,84,37117
PERSON COUNTY,2019-20,64,90,37145
LENOIR COUNTY,2019-20,62,66,37107
DAVIDSON COUNTY,2019-20,62,76,37057
JOHNSTON COUNTY,2019-20,59,62,37101
FRANKLIN COUNTY,2019-20,59,65,37069
WAYNE COUNTY,2019-20,58,59,37191
DUPLIN COUNTY,2019-20,57,38,37061
GRAHAM COUNTY,2019-20,57,33,37075
BLADEN COUNTY,2019-20,56,49,37017
CHEROKEE COUNTY,2019-20,55,62,37039
BURKE COUNTY,2019-20,54,51,37023
ROWAN COUNTY,2019-20,53,72,37159
WILKES COUNTY,2019-20,52,68,37193
STOKES COUNTY,2019-20,51,54,37169
SCOTLAND COUNTY,2019-20,51,65,37165
MONTGOMERY COUNTY,2019-20,51,68,37123
BEAUFORT COUNTY,2019-20,50,51,37013
HALIFAX COUNTY,2019-20,49,64,37083
HOKE COUNTY,2019-20,48,56,37093
SAMPSON COUNTY,2019-20,42,57,37163
EDGECOMBE COUNTY,2019-20,38,48,37065
RANDOLPH COUNTY,2019-20,34,51,37151
RICHMOND COUNTY,2019-20,34,22,37153
HARNETT COUNTY,2019-20,33,42,37085
COLUMBUS COUNTY,2019-20,28,23,37047
NORTHAMPTON COUNTY,2019-20,25,28,37131
ANSON COUNTY,2019-20,23,17,37007
GREENE COUNTY,2019-20,22,34,37079
ROBESON COUNTY,2019-20,22,22,37155
BERTIE COUNTY,2019-20,17,25,37015
CASWELL COUNTY,2019-20,14,14,37033
JONES COUNTY,2019-20,5,5,37103
