County,Programs,FIPS,NoCount,Shed
ALAMANCE COUNTY,0.889,37001,0,Republic - Greensboro
ALEXANDER COUNTY,1,37003,0,Republic - Conover
ALLEGHANY COUNTY,0,37005,0,GFL - Foothills
ANSON COUNTY,0,37007,0,Republic - Greensboro
ASHE COUNTY,0.333,37009,0,GFL - Foothills
AVERY COUNTY,0.167,37011,0,GFL - Foothills
BEAUFORT COUNTY,0.286,37013,0,ECVC
BERTIE COUNTY,0.125,37015,0,ECVC
BLADEN COUNTY,0.286,37017,0,Pratt
BRUNSWICK COUNTY,0.684,37019,0,Sonoco - NH
BUNCOMBE COUNTY,1,37021,0,Curbie
BURKE COUNTY,0.625,37023,0,Republic - Conover
CABARRUS COUNTY,1,37025,0,MCRF
CALDWELL COUNTY,0.714,37027,0,Republic - Conover
CAMDEN COUNTY,1,37029,1,TFC
CARTERET COUNTY,0.727,37031,0,Sonoco - Onslow
CASWELL COUNTY,0,37033,0,Republic - Greensboro
CATAWBA COUNTY,0.875,37035,0,Republic - Conover
CHATHAM COUNTY,1,37037,0,Sonoco - Raliegh
CHEROKEE COUNTY,0,37039,0,Source Separated
CHOWAN COUNTY,0,37041,0,TFC
CLAY COUNTY,1,37043,0,Source Separated
CLEVELAND COUNTY,0.133,37045,0,Source Separated
COLUMBUS COUNTY,0.3,37047,0,Sonoco - NH
CRAVEN COUNTY,1,37049,0,Sonoco - Onslow
CUMBERLAND COUNTY,0.444,37051,0,Pratt
CURRITUCK COUNTY,1,37053,1,RDS
DARE COUNTY,1,37055,0,RDS
DAVIDSON COUNTY,1,37057,0,NDGS
DAVIE COUNTY,1,37059,0,Republic - Conover
DUPLIN COUNTY,0.7,37061,0,Source Separated
DURHAM COUNTY,1,37063,0,Sonoco - Raliegh
EDGECOMBE COUNTY,0.429,37065,0,ECVC
FORSYTH COUNTY,1,37067,0,WMWS
FRANKLIN COUNTY,0.75,37069,0,Sonoco - Raliegh
GASTON COUNTY,0.615,37071,0,Source Separated
GATES COUNTY,1,37073,0,TFC
GRAHAM COUNTY,1,37075,0,Curbie
GRANVILLE COUNTY,0.6,37077,0,Sonoco - Raliegh
GREENE COUNTY,0.667,37079,0,ECVC
GUILFORD COUNTY,0.8,37081,0,Republic - Greensboro
HALIFAX COUNTY,0.286,37083,0,None
HARNETT COUNTY,1,37085,0,Sonoco - Raliegh
HAYWOOD COUNTY,1,37087,0,Sonoco - Asheville
HENDERSON COUNTY,0.6,37089,0,Curbie
HERTFORD COUNTY,0.5,37091,0,Sonoco - Raliegh
HOKE COUNTY,1,37093,0,Source Separated
HYDE COUNTY,1,37095,1,ECVC
IREDELL COUNTY,0.6,37097,0,Source Separated
JACKSON COUNTY,0.25,37099,0,Curbie
JOHNSTON COUNTY,0.727,37101,0,Pratt
JONES COUNTY,0,37103,0,Sonoco - Onslow
LEE COUNTY,1,37105,0,Sonoco - Raliegh
LENOIR COUNTY,0.333,37107,0,Sonoco - Onslow
LINCOLN COUNTY,1,37109,0,Source Separated
MACON COUNTY,0.5,37113,0,Source Separated
MADISON COUNTY,0.333,37115,0,Source Separated
MARTIN COUNTY,0,37117,0,ECVC
MCDOWELL COUNTY,0.5,37111,0,Republic - Conover
MECKLENBURG COUNTY,1,37119,0,MCRF
MITCHELL COUNTY,0.5,37121,0,Source Separated
MONTGOMERY COUNTY,0,37123,0,Republic - Conover
MOORE COUNTY,0.455,37125,0,Pratt
NASH COUNTY,0.727,37127,0,Sonoco - Raliegh
NEW HANOVER COUNTY,0.75,37129,0,Sonoco - NH
NORTHAMPTON COUNTY,0,37131,0,Sonoco - Raliegh
ONSLOW COUNTY,1,37133,0,Sonoco - Onslow
ORANGE COUNTY,1,37135,0,Sonoco - Raliegh
PAMLICO COUNTY,0.333,37137,0,Sonoco - Onslow
PASQUOTANK COUNTY,1,37139,0,TFC
PENDER COUNTY,1,37141,0,Sonoco - Onslow
PERQUIMANS COUNTY,1,37143,0,TFC
PERSON COUNTY,0,37145,0,Person
PITT COUNTY,0.9,37147,0,ECVC
POLK COUNTY,1,37149,0,Source Separated
RANDOLPH COUNTY,0.286,37151,0,WMWS
RICHMOND COUNTY,0.167,37153,0,Republic - Conover
ROBESON COUNTY,0.429,37155,0,Source Separated
ROCKINGHAM COUNTY,0.833,37157,0,WMWS
ROWAN COUNTY,0.333,37159,0,Source Separated
RUTHERFORD COUNTY,1,37161,0,Curbie
SAMPSON COUNTY,0.75,37163,0,Sonoco - Onslow
SCOTLAND COUNTY,0.5,37165,0,Source Separated
STANLY COUNTY,0.9,37167,0,MCRF
STOKES COUNTY,1,37169,0,WMWS
SURRY COUNTY,1,37171,0,Source Separated
SWAIN COUNTY,1,37173,0,Sonoco - Asheville
TRANSYLVANIA COUNTY,0.5,37175,0,Source Separated
TYRRELL COUNTY,0,37177,0,ECVC
UNION COUNTY,0.5,37179,0,MCRF
VANCE COUNTY,0.333,37181,0,Sonoco - Raliegh
WAKE COUNTY,1,37183,0,WMM
WARREN COUNTY,0.333,37185,0,Sonoco - Raliegh
WASHINGTON COUNTY,0,37187,0,ECVC
WATAUGA COUNTY,0.75,37189,0,Source Separated
WAYNE COUNTY,0.714,37191,0,Source Separated
WILKES COUNTY,1,37193,0,GFL - Foothills
WILSON COUNTY,1,37195,0,WMM
YADKIN COUNTY,1,37197,0,Republic - Conover
YANCEY COUNTY,1,37199,0,Source Separated
