County,Site,FIPS
ALAMANCE COUNTY,0,37001
ALEXANDER COUNTY,0,37003
ALLEGHANY COUNTY,0,37005
ANSON COUNTY,0,37007
ASHE COUNTY,0,37009
AVERY COUNTY,0,37011
BEAUFORT COUNTY,0,37013
BERTIE COUNTY,0,37015
BLADEN COUNTY,0,37017
BRUNSWICK COUNTY,0,37019
BUNCOMBE COUNTY,1,37021
BURKE COUNTY,0,37023
CABARRUS COUNTY,0,37025
CALDWELL COUNTY,0,37027
CAMDEN COUNTY,0,37029
CARTERET COUNTY,0,37031
CASWELL COUNTY,0,37033
CATAWBA COUNTY,1,37035
CHATHAM COUNTY,0,37037
CHEROKEE COUNTY,0,37039
CHOWAN COUNTY,0,37041
CLAY COUNTY,0,37043
CLEVELAND COUNTY,0,37045
COLUMBUS COUNTY,0,37047
CRAVEN COUNTY,0,37049
CUMBERLAND COUNTY,1,37051
CURRITUCK COUNTY,0,37053
DARE COUNTY,0,37055
DAVIDSON COUNTY,1,37057
DAVIE COUNTY,0,37059
DUPLIN COUNTY,0,37061
DURHAM COUNTY,0,37063
EDGECOMBE COUNTY,0,37065
FORSYTH COUNTY,1,37067
FRANKLIN COUNTY,0,37069
GASTON COUNTY,0,37071
GATES COUNTY,0,37073
GRAHAM COUNTY,0,37075
GRANVILLE COUNTY,0,37077
GREENE COUNTY,0,37079
GUILFORD COUNTY,1,37081
HALIFAX COUNTY,0,37083
HARNETT COUNTY,0,37085
HAYWOOD COUNTY,0,37087
HENDERSON COUNTY,0,37089
HERTFORD COUNTY,0,37091
HOKE COUNTY,0,37093
HYDE COUNTY,0,37095
IREDELL COUNTY,1,37097
JACKSON COUNTY,0,37099
JOHNSTON COUNTY,0,37101
JONES COUNTY,0,37103
LEE COUNTY,0,37105
LENOIR COUNTY,0,37107
LINCOLN COUNTY,0,37109
MACON COUNTY,0,37113
MADISON COUNTY,0,37115
MARTIN COUNTY,0,37117
MCDOWELL COUNTY,0,37111
MECKLENBURG COUNTY,1,37119
MITCHELL COUNTY,0,37121
MONTGOMERY COUNTY,0,37123
MOORE COUNTY,0,37125
NASH COUNTY,0,37127
NEW HANOVER COUNTY,1,37129
NORTHAMPTON COUNTY,0,37131
ONSLOW COUNTY,1,37133
ORANGE COUNTY,0,37135
PAMLICO COUNTY,0,37137
PASQUOTANK COUNTY,0,37139
PENDER COUNTY,0,37141
PERQUIMANS COUNTY,0,37143
PERSON COUNTY,1,37145
PITT COUNTY,1,37147
POLK COUNTY,0,37149
RANDOLPH COUNTY,0,37151
RICHMOND COUNTY,0,37153
ROBESON COUNTY,0,37155
ROCKINGHAM COUNTY,0,37157
ROWAN COUNTY,0,37159
RUTHERFORD COUNTY,0,37161
SAMPSON COUNTY,0,37163
SCOTLAND COUNTY,0,37165
STANLY COUNTY,0,37167
STOKES COUNTY,0,37169
SURRY COUNTY,0,37171
SWAIN COUNTY,0,37173
TRANSYLVANIA COUNTY,0,37175
TYRRELL COUNTY,0,37177
UNION COUNTY,0,37179
VANCE COUNTY,0,37181
WAKE COUNTY,1,37183
WARREN COUNTY,0,37185
WASHINGTON COUNTY,0,37187
WATAUGA COUNTY,0,37189
WAYNE COUNTY,0,37191
WILKES COUNTY,1,37193
WILSON COUNTY,0,37195
YADKIN COUNTY,0,37197
YANCEY COUNTY,0,37199
